{"train_loss": [0.8751796029381833, 0.532649161704516, 0.45860427668539144, 0.38925833469730314], "val_loss": [0.6172898888587952, 0.4938003599643707, 0.44108135253190994, 0.4727135345339775], "train_acc": [0.68045, 0.8029166666666666, 0.8305, 0.8586666666666667], "val_acc": [0.7783, 0.8207, 0.8384, 0.8164]}